hanesyddol,hanesyddol,Adj,Adj.common.masc.sg,6
anwadal,anwadal,Adj,Adj.common.masc.sg,1
gogoneddus,gogoneddus,Adj,Adj.common.masc.sg,3
unig,unig,Adj,Adj.common.masc.sg,52
isel,isel,Adj,Adj.common.masc.sg,13
cyffredin,cyffredin,Adj,Adj.common.masc.sg,10
gwledig,gwledig,Adj,Adj.common.masc.sg,1
ddwyreiniol,dwyreiniol,Adj,Adj.common.masc.sg,2
eithaf,eithaf,Adj,Adj.common.masc.sg,8
eang,eang,Adj,Adj.common.masc.sg,7
ysgythrog,ysgithrog,Adj,Adj.common.masc.sg,2
oesol,oesol,Adj,Adj.common.masc.sg,1
ddaer,daer,Adj,Adj.common.masc.sg,1
las,glas,Adj,Adj.common.masc.sg,17
awyddus,awyddus,Adj,Adj.common.masc.sg,8
chraff,craff,Adj,Adj.common.masc.sg,1
aflonydd,llonydd,Adj,Adj.common.masc.sg,1
olaf,olaf,Adj,Adj.common.masc.sg,29
hynaf,hynaf,Adj,Adj.common.masc.sg,3
ieuanc,ieuanc,Adj,Adj.common.masc.sg,34
brydweddol,prydweddol,Adj,Adj.common.masc.sg,2
brydferth,prydferth,Adj,Adj.common.masc.sg,4
theg,teg,Adj,Adj.common.masc.sg,1
bur,pur,Adj,Adj.common.masc.sg,6
llwyd,llwyd,Adj,Adj.common.masc.sg,8
brudd,prudd,Adj,Adj.common.masc.sg,10
diamheuol,diamheuol,Adj,Adj.common.masc.sg,1
tyner,tyner,Adj,Adj.common.masc.sg,6
llawn,llawn,Adj,Adj.common.masc.sg,35
llaith,llaith,Adj,Adj.common.masc.sg,4
annhrefnus,anhrefnus,Adj,Adj.common.masc.sg,1
anwyl,anwyl,Adj,Adj.common.masc.sg,66
prin,prin,Adj,Adj.common.masc.sg,14
lawen,llawen,Adj,Adj.common.masc.sg,6
ysgafn,ysgafn,Adj,Adj.common.masc.sg,15
dwys,dwys,Adj,Adj.common.masc.sg,7
flaenaf,blaen,Adj,Adj.seith,2
ernest,ernest,Adj,Adj.common.masc.sg,25
enbyd,enbyd,Adj,Adj.common.masc.sg,8
rhwym,rhwym,Adj,Adj.common.masc.sg,3
cam,cam,Adj,Adj.common.masc.sg,3
sicr,sicr,Adj,Adj.common.masc.sg,21
bosibl,posibl,Adj,Adj.common.masc.sg,13
uchel,uchel,Adj,Adj.common.masc.sg,21
cynifer,cynifer,Adj,Adj.common.masc.sg,1
llwyr,llwyr,Adj,Adj.common.masc.sg,13
gwelw,gwelw,Adj,Adj.common.masc.sg,2
helaeth,helaeth,Adj,Adj.common.masc.sg,6
serchog,serchog,Adj,Adj.common.masc.sg,1
phoenus,poen,Adj,Adj.common.masc.sg,1
ddiweddar,diweddar,Adj,Adj.common.masc.sg,7
ufudd,ufudd,Adj,Adj.common.masc.sg,2
frysiog,brysiog,Adj,Adj.common.masc.sg,4
waeth,drwg,Adj,Adj.cym,38
ddwyn,dwyn,Adj,Adj.common.masc.sg,1
fechan,fechan,Adj,Adj.common.fem.sg,28
union,union,Adj,Adj.common.masc.sg,28
siomedig,siomedig,Adj,Adj.common.masc.sg,1
gryf,cryf,Adj,Adj.common.masc.sg,6
oeraidd,oeraidd,Adj,Adj.common.masc.sg,1
aml,aml,Adj,Adj.common.masc.sg,7
agos,agos,Adj,Adj.common.masc.sg,23
hawdd,hawdd,Adj,Adj.common.masc.sg,17
bychan,bychan,Adj,Adj.common.masc.sg,44
cynt,cynt,Adj,Adj.common.masc.sg,12
boneddigaidd,boneddigaidd,Adj,Adj.common.masc.sg,2
urddasol,urddasol,Adj,Adj.common.masc.sg,4
lladradaidd,lladradaidd,Adj,Adj.common.masc.sg,2
llawen,llawen,Adj,Adj.common.masc.sg,14
mhell,pell,Adj,Adj.common.masc.sg,9
teg,teg,Adj,Adj.common.masc.sg,23
ofer,ofer,Adj,Adj.common.masc.sg,10
cryf,cryf,Adj,Adj.common.masc.sg,4
angharedig,angharedig,Adj,Adj.common.masc.sg,1
dyfrllyd,dyfrllyd,Adj,Adj.common.masc.sg,2
anffodus,anffodus,Adj,Adj.common.masc.sg,7
buan,buan,Adj,Adj.common.masc.sg,8
gwerthfawr,gwerthfawr,Adj,Adj.common.masc.sg,6
godidog,godidog,Adj,Adj.common.masc.sg,4
cyfoethog,cyfoethog,Adj,Adj.common.masc.sg,1
tlws,tlws,Adj,Adj.common.masc.sg,8
amserol,amserol,Adj,Adj.common.masc.sg,1
colledig,colledig,Adj,Adj.common.masc.sg,1
tal,tal,Adj,Adj.common.masc.sg,8
golygus,golygus,Adj,Adj.common.masc.sg,3
dynol,dynol,Adj,Adj.common.masc.sg,3
hol,ôl,Adj,Adj.common.masc.sg,20
hael,hael,Adj,Adj.common.masc.sg,6
diniwed,diniwed,Adj,Adj.common.masc.sg,4
swynol,swynol,Adj,Adj.common.masc.sg,8
byw,byw,Adj,Adj.common.masc.sg,13
wledig,gwledig,Adj,Adj.common.masc.sg,3
chyffredin,cyffredin,Adj,Adj.common.masc.sg,2
gwylaidd,gwylaidd,Adj,Adj.common.masc.sg,2
pur,pur,Adj,Adj.common.masc.sg,10
nodedig,nodedig,Adj,Adj.common.masc.sg,5
arferol,arferol,Adj,Adj.common.masc.sg,6
newydd,newydd,Adj,Adj.common.masc.sg,70
ddymunol,dymunol,Adj,Adj.common.masc.sg,3
ddamweiniol,damweiniol,Adj,Adj.common.masc.sg,1
lawn,llawn,Adj,Adj.common.masc.sg,7
teilwng,teilwng,Adj,Adj.common.masc.sg,3
gwych,gwych,Adj,Adj.common.masc.sg,3
ddirfawr,dirfawr,Adj,Adj.common.masc.sg,5
gyffredin,cyffredin,Adj,Adj.common.masc.sg,8
gelfydd,celfydd,Adj,Adj.common.masc.sg,2
hollol,hollol,Adj,Adj.common.masc.sg,37
orchfygol,gorchfygol,Adj,Adj.common.masc.sg,1
cyflawn,cyflawn,Adj,Adj.common.masc.sg,4
benywaidd,benywaidd,Adj,Adj.common.masc.sg,2
mwyaf,mawr,Adj,Adj.seith,18
cyson,cyson,Adj,Adj.common.masc.sg,8
amlwg,amlwg,Adj,Adj.common.masc.sg,14
dedwydd,dedwydd,Adj,Adj.common.masc.sg,4
gymaint,cymaint,Adj,Adj.common.masc.sg,12
ol,ôl,Adj,Adj.common.masc.sg,205
dywyll,tywyll,Adj,Adj.common.masc.sg,2
gymylog,cymylog,Adj,Adj.common.masc.sg,1
bygythiol,bygwth,Adj,Adj.common.masc.sg,2
chwimwth,chwimwth,Adj,Adj.common.masc.sg,1
carpiog,carp,Adj,Adj.common.masc.sg,1
rhuddgoch,rhuddgoch,Adj,Adj.common.masc.sg,1
thywyll,tywyll,Adj,Adj.common.masc.sg,2
brin,prin,Adj,Adj.common.masc.sg,5
nes,agos,Adj,Adj.cym,131
pryderus,pryderus,Adj,Adj.common.masc.sg,1
angerddol,angerddol,Adj,Adj.common.masc.sg,5
bryderus,pryderus,Adj,Adj.common.masc.sg,8
druenus,truenus,Adj,Adj.common.masc.sg,5
hwy,hwy,Adj,Adj.common.masc.sg,6
feiddgar,beiddgar,Adj,Adj.common.masc.sg,1
rhamantus,rhamantus,Adj,Adj.common.masc.sg,1
werthfawr,gwerthfawr,Adj,Adj.common.masc.sg,1
barod,parod,Adj,Adj.common.masc.sg,24
fer,fer,Adj,Adj.common.fem.sg,4
phriod,priod,Adj,Adj.common.masc.sg,2
ddedwydd,dedwydd,Adj,Adj.common.masc.sg,7
felus,melys,Adj,Adj.common.masc.sg,5
alarus,galarus,Adj,Adj.common.masc.sg,2
mynych,mynych,Adj,Adj.common.masc.sg,1
ymddangosiadol,ymddangosiadol,Adj,Adj.common.masc.sg,1
bychain,bychan,Adj,Adj.common.masc.sg,8
anrhydeddus,anrhydeddus,Adj,Adj.common.masc.sg,2
ieuainc,ieuainc,Adj,Adj.common.masc.sg,7
anwylyd,anwylyd,Adj,Adj.common.masc.sg,6
hwyrach,hwyr,Adj,Adj.cym,28
anamserol,anamserol,Adj,Adj.common.masc.sg,1
diraddiol,diraddiol,Adj,Adj.common.masc.sg,1
enbydus,enbydus,Adj,Adj.common.masc.sg,1
nesaf,agos,Adj,Adj.seith,12
arall,arall,Adj,Adj.common.masc.sg,141
heddychol,heddychol,Adj,Adj.common.masc.sg,2
thawel,tawel,Adj,Adj.common.masc.sg,1
foddlawn,bodlon,Adj,Adj.common.masc.sg,2
unrhyw,unrhyw,Adj,Adj.common.masc.sg,5
drugarog,trugarog,Adj,Adj.common.masc.sg,4
drwg,drwg,Adj,Adj.common.masc.sg,22
hynod,hynod,Adj,Adj.common.masc.sg,12
anesmwyth,esmwyth,Adj,Adj.common.masc.sg,6
gyfryw,cyfryw,Adj,Adj.common.masc.sg,3
wahanol,gwahanol,Adj,Adj.common.masc.sg,8
hoff,hoff,Adj,Adj.common.masc.sg,25
foch,moch,Adj,Adj.common.masc.sg,3
poeth,poeth,Adj,Adj.common.masc.sg,6
rudd,rhudd,Adj,Adj.common.masc.sg,7
ddiofal,diofal,Adj,Adj.common.masc.sg,1
tadol,tadol,Adj,Adj.common.masc.sg,1
dyner,tyner,Adj,Adj.common.masc.sg,8
eofn,eofn,Adj,Adj.common.masc.sg,3
phenderfynol,penderfynol,Adj,Adj.common.masc.sg,1
fileinig,mileinig,Adj,Adj.common.masc.sg,1
anghyfiawn,anghyfiawn,Adj,Adj.common.masc.sg,1
drygionus,drygionus,Adj,Adj.common.masc.sg,1
gref,cryf,Adj,Adj.common.masc.sg,10
fuan,buan,Adj,Adj.common.masc.sg,25
dyfnion,dyfnion,Adj,Adj.common.masc.sg,3
gwyn,gwyn,Adj,Adj.common.masc.sg,55
daer,daer,Adj,Adj.common.masc.sg,7
hollalluog,hollalluog,Adj,Adj.common.masc.sg,3
tywyll,tywyll,Adj,Adj.common.masc.sg,2
lwyr,llwyr,Adj,Adj.common.masc.sg,2
blin,blin,Adj,Adj.common.masc.sg,8
hanwyl,anwyl,Adj,Adj.common.masc.sg,8
ardderchog,ardderchog,Adj,Adj.common.masc.sg,11
gystal,da,Adj,Adj.cyf,4
uchelfrydig,uchelfrydig,Adj,Adj.common.masc.sg,1
ryfeddol,rhyfeddol,Adj,Adj.common.masc.sg,1
dda,da,Adj,Adj.common.masc.sg,48
lwcus,lwcus,Adj,Adj.common.masc.sg,1
da,da,Adj,Adj.common.masc.sg,61
hir,hir,Adj,Adj.common.masc.sg,103
thanbaid,tanbaid,Adj,Adj.common.masc.sg,1
leiaf,bach,Adj,Adj.seith,14
addolgar,addolgar,Adj,Adj.common.masc.sg,1
bendefigaidd,pendefigaidd,Adj,Adj.common.masc.sg,1
cyfaddef,cyfaddef,Adj,Adj.common.masc.sg,1
pwysig,pwysig,Adj,Adj.common.masc.sg,3
hardderchog,ardderchog,Adj,Adj.common.masc.sg,1
flaenorol,blaenorol,Adj,Adj.common.masc.sg,4
fwyaf,mawr,Adj,Adj.seith,21
tebyg,tebyg,Adj,Adj.common.masc.sg,13
uchaf,uchaf,Adj,Adj.common.masc.sg,3
gyfrwys,cyfrwys,Adj,Adj.common.masc.sg,1
cyflymaf,cyflymaf,Adj,Adj.common.masc.sg,1
bell,pell,Adj,Adj.common.masc.sg,17
cryn,cryn,Adj,Adj.common.masc.sg,7
cyfrwys,cyfrwys,Adj,Adj.common.masc.sg,3
fawr,mawr,Adj,Adj.common.masc.sg,128
gwamal,gwamal,Adj,Adj.common.masc.sg,1
brif,prif,Adj,Adj.seith,1
cynyddol,cynyddol,Adj,Adj.common.masc.sg,1
diplomyddol,diplomyddol,Adj,Adj.common.masc.sg,1
anaml,anaml,Adj,Adj.common.masc.sg,2
uwch,uwch,Adj,Adj.common.masc.sg,42
tebygol,tebygol,Adj,Adj.common.masc.sg,1
anhysbys,anhysbys,Adj,Adj.common.masc.sg,1
perffaith,perffaith,Adj,Adj.common.masc.sg,3
gyntaf,cyntaf,Adj,Adj.common.masc.sg,11
hud,hud,Adj,Adj.common.masc.sg,3
analluog,analluog,Adj,Adj.common.masc.sg,1
ynfyd,ynfyd,Adj,Adj.common.masc.sg,1
annaturiol,naturiol,Adj,Adj.common.masc.sg,1
llednais,llednais,Adj,Adj.common.masc.sg,3
benderfynol,penderfynol,Adj,Adj.common.masc.sg,3
ddrwg,drwg,Adj,Adj.common.masc.sg,14
cymaint,cymaint,Adj,Adj.common.masc.sg,13
debycach,tebyg,Adj,Adj.cym,2
gyffrous,cyffrous,Adj,Adj.common.masc.sg,1
grynedig,crynedig,Adj,Adj.common.masc.sg,4
ddiolchgar,diolchgar,Adj,Adj.common.masc.sg,2
dwfn,dwfn,Adj,Adj.common.masc.sg,7
diymhongar,diymhongar,Adj,Adj.common.masc.sg,1
gwaethaf,drwg,Adj,Adj.seith,8
cyfiawn,cyfiawn,Adj,Adj.common.masc.sg,3
chyd,cyd,Adj,Adj.common.masc.sg,1
tanllyd,tanllyd,Adj,Adj.common.masc.sg,3
gwael,gwael,Adj,Adj.common.masc.sg,6
ddiamddiffyn,diamddiffyn,Adj,Adj.common.masc.sg,1
anfaddeuol,maddeuol,Adj,Adj.common.masc.sg,1
ffyrnig,ffyrnig,Adj,Adj.common.masc.sg,7
gryn,cryn,Adj,Adj.common.masc.sg,3
chwith,chwith,Adj,Adj.common.masc.sg,8
lluosog,lluosog,Adj,Adj.common.masc.sg,1
fabwysiedig,mabwysiedig,Adj,Adj.common.masc.sg,1
personol,personol,Adj,Adj.common.masc.sg,1
rhyfedd,rhyfedd,Adj,Adj.common.masc.sg,15
segur,segur,Adj,Adj.common.masc.sg,2
gostyngedig,gostyngedig,Adj,Adj.common.masc.sg,2
rasol,grasol,Adj,Adj.common.masc.sg,2
canlynol,canlynol,Adj,Adj.common.masc.sg,2
pendant,pendant,Adj,Adj.common.masc.sg,1
dichellgar,dichellgar,Adj,Adj.common.masc.sg,1
nwydwyllt,nwydwyllt,Adj,Adj.common.masc.sg,1
eiddigus,eiddigus,Adj,Adj.common.masc.sg,1
uniongyrchol,uniongyrchol,Adj,Adj.common.masc.sg,2
anuniongyrchol,anuniongyrchol,Adj,Adj.common.masc.sg,1
balch,balch,Adj,Adj.common.masc.sg,1
manwl,manwl,Adj,Adj.common.masc.sg,3
crefyddol,crefyddol,Adj,Adj.common.masc.sg,3
weledig,gweledig,Adj,Adj.common.masc.sg,2
santaidd,sanctaidd,Adj,Adj.common.masc.sg,3
angylaidd,angylaidd,Adj,Adj.common.masc.sg,1
wen,gwyn,Adj,Adj.common.fem.sg,34
syml,syml,Adj,Adj.common.masc.sg,6
drech,trech,Adj,Adj.cym,1
gynddeiriog,cynddeiriog,Adj,Adj.common.masc.sg,3
ffiaidd,ffiaidd,Adj,Adj.common.masc.sg,1
disymwth,disymwth,Adj,Adj.common.masc.sg,2
aflywodraethus,aflywodraethus,Adj,Adj.common.masc.sg,2
priodol,priodol,Adj,Adj.common.masc.sg,4
euog,euog,Adj,Adj.common.masc.sg,2
fyw,byw,Adj,Adj.common.masc.sg,4
welw,gwelw,Adj,Adj.common.masc.sg,7
ddifrifol,difrifol,Adj,Adj.common.masc.sg,6
cysegredig,cysegredig,Adj,Adj.common.masc.sg,3
awdurdodol,awdurdodol,Adj,Adj.common.masc.sg,1
afresymol,afresymol,Adj,Adj.common.masc.sg,1
hawddgar,hawddgar,Adj,Adj.common.masc.sg,5
anhyfryd,anhyfryd,Adj,Adj.common.masc.sg,1
ddiniwed,diniwed,Adj,Adj.common.masc.sg,6
deilwng,teilwng,Adj,Adj.common.masc.sg,4
ymadawol,ymadawol,Adj,Adj.common.masc.sg,2
gynhyrfus,cynhyrfus,Adj,Adj.common.masc.sg,7
amddifad,amddifad,Adj,Adj.common.masc.sg,5
diweddar,diweddar,Adj,Adj.common.masc.sg,3
hanrhydeddus,anrhydeddus,Adj,Adj.common.masc.sg,1
chwerw,chwerw,Adj,Adj.common.masc.sg,11
melus,melys,Adj,Adj.common.masc.sg,5
twyllodrus,twyllodrus,Adj,Adj.common.masc.sg,1
cyhoeddus,cyhoeddus,Adj,Adj.common.masc.sg,5
syn,syn,Adj,Adj.common.masc.sg,19
cyrliog,cyrl,Adj,Adj.common.masc.sg,1
prydferth,prydferth,Adj,Adj.common.masc.sg,5
pert,pert,Adj,Adj.common.masc.sg,1
fanylach,manwl,Adj,Adj.cym,3
anarferol,anarferol,Adj,Adj.common.masc.sg,3
bach,bach,Adj,Adj.common.masc.sg,121
cynhyrfus,cynhyrfus,Adj,Adj.common.masc.sg,1
chwilfrydig,chwilfrydig,Adj,Adj.common.masc.sg,1
prif,prif,Adj,Adj.seith,8
amgen,amgen,Adj,Adj.common.masc.sg,2
eithafol,eithafol,Adj,Adj.common.masc.sg,1
ddideimlad,dideimlad,Adj,Adj.common.masc.sg,1
fanwl,manwl,Adj,Adj.common.masc.sg,6
enwog,enwog,Adj,Adj.common.masc.sg,6
cyntaf,cyntaf,Adj,Adj.common.masc.sg,10
ymroddedig,ymroddedig,Adj,Adj.common.masc.sg,1
ddiamynedd,diamynedd,Adj,Adj.common.masc.sg,2
diamddiffyn,diamddiffyn,Adj,Adj.common.masc.sg,2
ddwfn,dwfn,Adj,Adj.common.masc.sg,1
gyflym,cyflym,Adj,Adj.common.masc.sg,8
serth,serth,Adj,Adj.common.masc.sg,2
blaenorol,blaenorol,Adj,Adj.common.masc.sg,1
ddiamheuol,diamheuol,Adj,Adj.common.masc.sg,1
gyhyd,cyhyd,Adj,Adj.common.masc.sg,1
ddirgel,dirgel,Adj,Adj.common.masc.sg,2
gywir,cywir,Adj,Adj.common.masc.sg,6
bruddglwyfus,pruddglwyfus,Adj,Adj.common.masc.sg,1
agosach,agos,Adj,Adj.cym,1
wyllt,gwyllt,Adj,Adj.common.masc.sg,12
golledig,colledig,Adj,Adj.common.masc.sg,1
anfad,anfad,Adj,Adj.common.masc.sg,1
hen,hen,Adj,Adj.common.masc.sg,335
ffyddlawn,ffyddlon,Adj,Adj.common.masc.sg,6
oer,oer,Adj,Adj.common.masc.sg,19
throellog,troellog,Adj,Adj.common.masc.sg,1
adnabyddus,adnabyddus,Adj,Adj.common.masc.sg,2
ddofn,dofn,Adj,Adj.common.fem.sg,2
pellaf,pellaf,Adj,Adj.common.masc.sg,2
fwaog,bwaog,Adj,Adj.common.masc.sg,1
lai,bach,Adj,Adj.cym,1
dirgelaidd,dirgelaidd,Adj,Adj.common.masc.sg,1
erchyll,erchyll,Adj,Adj.common.masc.sg,3
dialgar,dialgar,Adj,Adj.common.masc.sg,1
gwancus,gwancus,Adj,Adj.common.masc.sg,1
truenus,truenus,Adj,Adj.common.masc.sg,2
dawel,tawel,Adj,Adj.common.masc.sg,24
iach,iach,Adj,Adj.common.masc.sg,29
llaw,llaw,Adj,Adj.common.masc.sg,6
brofiadol,profiadol,Adj,Adj.common.masc.sg,1
gwrol,gŵr,Adj,Adj.common.masc.sg,2
cywir,cywir,Adj,Adj.common.masc.sg,1
rhyddfrydig,rhyddfrydig,Adj,Adj.common.masc.sg,1
of,of,Adj,Adj.common.masc.sg,6
gwarcheidiol,gwarcheidiol,Adj,Adj.common.masc.sg,1
nigymar,digymar,Adj,Adj.common.masc.sg,1
naill,naill,Adj,Adj.common.masc.sg,6
fywiog,bywiog,Adj,Adj.common.masc.sg,4
gyfyngedig,cyfyngedig,Adj,Adj.common.masc.sg,1
mwy,mawr,Adj,Adj.cym,25
arfog,arfog,Adj,Adj.common.masc.sg,1
marw,marw,Adj,Adj.common.masc.sg,34
anocheladwy,anocheladwy,Adj,Adj.common.masc.sg,1
prudd,prudd,Adj,Adj.common.masc.sg,7
mabwysiedig,mabwysiedig,Adj,Adj.common.masc.sg,1
toredig,toredig,Adj,Adj.common.masc.sg,1
mud,mud,Adj,Adj.common.masc.sg,5
hyfryd,hyfryd,Adj,Adj.common.masc.sg,14
galarus,galarus,Adj,Adj.common.masc.sg,1
difeddwl,difeddwl,Adj,Adj.common.masc.sg,1
gyfartal,cyfartal,Adj,Adj.common.masc.sg,1
ddisymwth,disymwth,Adj,Adj.common.masc.sg,1
gonest,gonest,Adj,Adj.common.masc.sg,4
mawr,mawr,Adj,Adj.common.masc.sg,126
cwbl,cwbl,Adj,Adj.common.masc.sg,2
ychwanegol,ychwanegol,Adj,Adj.common.masc.sg,1
bwysig,pwysig,Adj,Adj.common.masc.sg,4
wamal,gwamal,Adj,Adj.common.masc.sg,1
diwerth,diwerth,Adj,Adj.common.masc.sg,1
greulawn,creulon,Adj,Adj.common.masc.sg,1
annhraethol,anhraethol,Adj,Adj.common.masc.sg,1
wylaidd,gwylaidd,Adj,Adj.common.masc.sg,4
marwol,marwol,Adj,Adj.common.masc.sg,3
ddoeth,doeth,Adj,Adj.common.masc.sg,1
ffodus,ffodus,Adj,Adj.common.masc.sg,1
mawrion,mawrion,Adj,Adj.common.masc.pl,6
phwysig,pwysig,Adj,Adj.common.masc.sg,1
fwyn,mwyn,Adj,Adj.common.masc.sg,2
rhagorol,rhagorol,Adj,Adj.common.masc.sg,2
thyner,tyner,Adj,Adj.common.masc.sg,5
annhraethadwy,anhraethadwy,Adj,Adj.common.masc.sg,1
oll,holl,Adj,Adj.common.masc.sg,28
rhinweddol,rhinweddol,Adj,Adj.common.masc.sg,1
blaenaf,blaen,Adj,Adj.seith,2
tecach,teg,Adj,Adj.cym,2
anhawdd,anodd,Adj,Adj.common.masc.sg,4
with,gwith,Adj,Adj.common.masc.sg,2
du,du,Adj,Adj.common.masc.sg,38
giedd,ciaidd,Adj,Adj.common.masc.sg,11
moel,moel,Adj,Adj.common.masc.sg,3
perthynol,perthynol,Adj,Adj.common.masc.sg,3
isaf,isaf,Adj,Adj.common.masc.sg,2
glân,glân,Adj,Adj.common.masc.sg,19
well,da,Adj,Adj.cym,42
pell,pell,Adj,Adj.common.masc.sg,16
llon,llon,Adj,Adj.common.masc.sg,24
anturiaethus,anturiaethus,Adj,Adj.common.masc.sg,2
gu,cu,Adj,Adj.common.masc.sg,7
gynt,cynt,Adj,Adj.common.masc.sg,32
sanctaidd,sanctaidd,Adj,Adj.common.masc.sg,2
cu,cu,Adj,Adj.common.masc.sg,5
drud,drud,Adj,Adj.common.masc.sg,2
trwm,trwm,Adj,Adj.common.masc.sg,11
maith,maith,Adj,Adj.common.masc.sg,4
rhwydd,rhwydd,Adj,Adj.common.masc.sg,4
gyd,cyd,Adj,Adj.common.masc.sg,6
gwen,gwyn,Adj,Adj.common.fem.sg,14
lle,lle,Adj,Adj.common.masc.sg,24
wag,gwag,Adj,Adj.common.masc.sg,6
gwag,gwag,Adj,Adj.common.masc.sg,4
fynych,mynych,Adj,Adj.common.masc.sg,9
iachus,iachus,Adj,Adj.common.masc.sg,1
dwyfol,dwyfol,Adj,Adj.common.masc.sg,2
ysbrydol,ysbrydol,Adj,Adj.common.masc.sg,2
difyr,difyr,Adj,Adj.common.masc.sg,1
ter,taer,Adj,Adj.common.masc.sg,1
brwd,brwd,Adj,Adj.common.masc.sg,1
debyg,tebyg,Adj,Adj.common.masc.sg,32
sych,sych,Adj,Adj.common.masc.sg,8
gyson,cyson,Adj,Adj.common.masc.sg,15
man,mân,Adj,Adj.common.masc.sg,5
fach,bach,Adj,Adj.common.masc.sg,17
llwm,llwm,Adj,Adj.common.masc.sg,4
goch,coch,Adj,Adj.common.masc.sg,24
croch,croch,Adj,Adj.common.masc.sg,2
gry,cryf,Adj,Adj.common.masc.sg,2
brith,brith,Adj,Adj.common.masc.sg,9
ddyfnach,dyfn,Adj,Adj.cym,4
caled,caled,Adj,Adj.common.masc.sg,5
llwydaidd,llwydaidd,Adj,Adj.common.masc.sg,1
gul,cul,Adj,Adj.common.masc.sg,4
doniol,doniol,Adj,Adj.common.masc.sg,2
gwlithog,gwlithog,Adj,Adj.common.masc.sg,1
dysgedig,dysgedig,Adj,Adj.common.masc.sg,1
faith,maith,Adj,Adj.common.masc.sg,3
arw,garw,Adj,Adj.common.masc.sg,16
clyd,clyd,Adj,Adj.common.masc.sg,4
dymunol,dymunol,Adj,Adj.common.masc.sg,1
deg,teg,Adj,Adj.common.masc.sg,1
mwyn,mwyn,Adj,Adj.common.masc.sg,8
tawel,tawel,Adj,Adj.common.masc.sg,7
estynedig,estynedig,Adj,Adj.common.masc.sg,1
mân,mân,Adj,Adj.common.masc.sg,12
ddu,du,Adj,Adj.common.masc.sg,21
anial,anial,Adj,Adj.common.masc.sg,6
ystyriol,ystyriol,Adj,Adj.common.masc.sg,1
llonydd,llonydd,Adj,Adj.common.masc.sg,11
chywir,cywir,Adj,Adj.common.masc.sg,4
i'r,ir,Adj,Adj.common.masc.sg,2
bywiog,bywiog,Adj,Adj.common.masc.sg,2
cribog,cribog,Adj,Adj.common.masc.sg,1
muriog,muriog,Adj,Adj.common.masc.sg,1
dragywydd,tragywydd,Adj,Adj.common.masc.sg,4
lonydd,llonydd,Adj,Adj.common.masc.sg,1
iawn,iawn,Adj,Ans,54
theilwng,teilwng,Adj,Adj.common.masc.sg,1
ffyddlon,ffyddlon,Adj,Adj.common.masc.sg,3
hapus,hapus,Adj,Adj.common.masc.sg,5
agosaf,agos,Adj,Adj.seith,2
briod,priod,Adj,Adj.common.masc.sg,3
melyn,melyn,Adj,Adj.common.masc.sg,16
galed,caled,Adj,Adj.common.masc.sg,4
ofnadwy,ofnadwy,Adj,Adj.common.masc.sg,15
garw,garw,Adj,Adj.common.masc.sg,10
ddychrynllyd,dychryn,Adj,Adj.common.masc.sg,4
chwyrn,chwyrn,Adj,Adj.common.masc.sg,5
chroch,croch,Adj,Adj.common.masc.sg,1
rymus,grymus,Adj,Adj.common.masc.sg,3
dychrynllyd,dychryn,Adj,Adj.common.masc.sg,2
chiaidd,ciaidd,Adj,Adj.common.masc.sg,1
ciaidd,ciaidd,Adj,Adj.common.masc.sg,1
diogel,diogel,Adj,Adj.common.masc.sg,1
etholedig,etholedig,Adj,Adj.common.masc.sg,1
gwyllt,gwyllt,Adj,Adj.common.masc.sg,13
foel,moel,Adj,Adj.common.masc.sg,24
henafol,hynafol,Adj,Adj.common.masc.sg,1
braf,braf,Adj,Adj.common.masc.sg,16
dirifedi,dirifedi,Adj,Adj.common.masc.sg,1
crai,crai,Adj,Adj.common.masc.sg,1
crwydrol,crwydrol,Adj,Adj.common.masc.sg,1
brysur,prysur,Adj,Adj.common.masc.sg,2
estronol,estronol,Adj,Adj.common.masc.sg,1
ambell,ambell,Adj,Adj.common.masc.sg,13
sydyn,sydyn,Adj,Adj.common.masc.sg,37
byddarol,byddarol,Adj,Adj.common.masc.sg,1
cain,cain,Adj,Adj.common.masc.sg,6
cudd,cudd,Adj,Adj.common.masc.sg,2
nwfn,dwfn,Adj,Adj.common.masc.sg,1
rydd,rhydd,Adj,Adj.common.masc.sg,1
siriol,siriol,Adj,Adj.common.masc.sg,7
effro,effro,Adj,Adj.common.masc.sg,5
wyn,gwyn,Adj,Adj.common.masc.sg,2
lleia,lleia,Adj,Adj.common.masc.sg,4
onest,gonest,Adj,Adj.common.masc.sg,2
lân,glân,Adj,Adj.common.masc.sg,41
bythol,bythol,Adj,Adj.common.masc.sg,1
araf,araf,Adj,Adj.common.masc.sg,25
tlawd,tlawd,Adj,Adj.common.masc.sg,2
esmwyth,esmwyth,Adj,Adj.common.masc.sg,4
distaw,distaw,Adj,Adj.common.masc.sg,6
fud,mud,Adj,Adj.common.masc.sg,5
hy,hy,Adj,Adj.common.masc.sg,7
hwyr,hwyr,Adj,Adj.common.masc.sg,4
mad,mad,Adj,Adj.common.masc.sg,1
waetha,drwg,Adj,Adj.seith,1
clwyfedig,clwyfedig,Adj,Adj.common.masc.sg,1
rhydd,rhoddi,Adj,Adj.common.masc.sg,27
per,pêr,Adj,Adj.common.masc.sg,1
dyfal,dyfal,Adj,Adj.common.masc.sg,1
grych,crych,Adj,Adj.common.masc.sg,1
berwedig,berwedig,Adj,Adj.common.masc.sg,1
anweledig,anweledig,Adj,Adj.common.masc.sg,5
mynyddig,mynyddig,Adj,Adj.common.masc.sg,2
maluriedig,maluriedig,Adj,Adj.common.masc.sg,1
caboledig,caboledig,Adj,Adj.common.masc.sg,1
hirbell,hirbell,Adj,Adj.common.masc.sg,2
ddiarbed,diarbed,Adj,Adj.common.masc.sg,1
farw,marw,Adj,Adj.common.masc.sg,22
gwrdd,gwrdd,Adj,Adj.common.masc.sg,3
gudd,cudd,Adj,Adj.common.masc.sg,1
cerfiedig,cerfiedig,Adj,Adj.common.masc.sg,1
diwyd,diwyd,Adj,Adj.common.masc.sg,3
hapusach,hapus,Adj,Adj.cym,1
thrai,trai,Adj,Adj.common.masc.sg,1
bob,pob,Adj,Adj.common.masc.sg,33
sawl,sawl,Adj,Adj.common.masc.sg,1
hyf,hy,Adj,Adj.common.masc.sg,2
daclus,taclus,Adj,Adj.common.masc.sg,4
fain,main,Adj,Adj.common.masc.sg,2
gron,cron,Adj,Adj.common.fem.sg,4
loyw,gloyw,Adj,Adj.common.masc.sg,2
hwylus,hwylus,Adj,Adj.common.masc.sg,1
handi,handi,Adj,Adj.common.masc.sg,3
cochion,coch,Adj,Adj.common.masc.sg,1
coch,coch,Adj,Adj.common.masc.sg,9
wiw,gwiw,Adj,Adj.common.masc.sg,5
ddiddos,diddos,Adj,Adj.common.masc.sg,1
bras,bras,Adj,Adj.common.masc.sg,1
hiraethus,hiraethus,Adj,Adj.common.masc.sg,1
llesg,llesg,Adj,Adj.common.masc.sg,3
gwan,gwan,Adj,Adj.common.masc.sg,13
lem,llem,Adj,Adj.common.fem.sg,3
gwiw,gwiw,Adj,Adj.common.masc.sg,5
iraidd,iraidd,Adj,Adj.common.masc.sg,2
ddolefus,dolefus,Adj,Adj.common.masc.sg,1
glwyfus,clwyfus,Adj,Adj.common.masc.sg,1
esgeulus,esgeulus,Adj,Adj.common.masc.sg,1
ofnus,ofnus,Adj,Adj.common.masc.sg,4
cun,cun,Adj,Adj.common.masc.sg,1
nghudd,cudd,Adj,Adj.common.masc.sg,1
erch,erch,Adj,Adj.common.masc.sg,5
myg,myg,Adj,Adj.common.masc.sg,1
llwythog,llwythog,Adj,Adj.common.masc.sg,2
ngenedigol,genedigol,Adj,Adj.common.masc.sg,2
dall,dall,Adj,Adj.common.masc.sg,8
fydenwog,byd-enwog,Adj,Adj.common.masc.sg,1
ddifyr,difyr,Adj,Adj.common.masc.sg,4
ddwyfol,dwyfol,Adj,Adj.common.masc.sg,2
y'nt,cynt,Adj,Adj.common.masc.sg,1
drymach,trwm,Adj,Adj.cym,2
berffaith,perffaith,Adj,Adj.common.masc.sg,7
nefolaidd,nefolaidd,Adj,Adj.common.masc.sg,1
trist,trist,Adj,Adj.common.masc.sg,1
llai,bach,Adj,Adj.cym,2
hardd,hardd,Adj,Adj.common.masc.sg,23
eglur,eglur,Adj,Adj.common.masc.sg,1
gwir,gwir,Adj,Adj.common.masc.sg,5
chymaint,cymaint,Adj,Adj.common.masc.sg,2
gyfeiliornus,cyfeiliornus,Adj,Adj.common.masc.sg,1
anfeidrol,anfeidrol,Adj,Adj.common.masc.sg,1
gryno,cryno,Adj,Adj.common.masc.sg,1
gyflawn,cyflawn,Adj,Adj.common.masc.sg,1
ryfedd,rhyfedd,Adj,Adj.common.masc.sg,6
meirw,meirw,Adj,Adj.common.masc.pl,4
gyffelyb,cyffelyb,Adj,Adj.common.masc.sg,1
annymunol,annymunol,Adj,Adj.common.masc.sg,1
rhydd,rhydd,Adj,Adj.common.masc.sg,1
glas,glas,Adj,Adj.common.masc.sg,5
gwell,da,Adj,Adj.cym,24
med,med,Adj,Adj.common.masc.sg,24
mal,mal,Adj,Adj.common.masc.sg,5
ynt,cynt,Adj,Adj.common.masc.sg,3
rynn,rhyn,Adj,Adj.common.masc.sg,3
melys,melys,Adj,Adj.common.masc.sg,3
ehelaeth,helaeth,Adj,Adj.common.masc.sg,3
dir,dir,Adj,Adj.common.masc.sg,6
gynnan,cynnan,Adj,Adj.common.masc.sg,1
llawr,llawr,Adj,Adj.common.masc.sg,5
od,od,Adj,Adj.common.masc.sg,10
enwir,enwir,Adj,Adj.common.masc.sg,1
gloyw,gloyw,Adj,Adj.common.masc.sg,2
blaen,blaen,Adj,Adj.common.masc.sg,11
gawr,gawr,Adj,Adj.common.masc.sg,6
dywal,dywal,Adj,Adj.common.masc.sg,6
drwm,trwm,Adj,Adj.common.masc.sg,13
bud,budr,Adj,Adj.common.masc.sg,3
gwenn,gwyn,Adj,Adj.common.fem.sg,1
dew,tew,Adj,Adj.common.masc.sg,1
hyll,hyll,Adj,Adj.common.masc.sg,3
is,is,Adj,Adj.common.masc.sg,9
gwynn,gwyn,Adj,Adj.common.masc.sg,4
eng,eng,Adj,Adj.common.masc.sg,1
llym,llym,Adj,Adj.common.masc.sg,4
glew,glew,Adj,Adj.common.masc.sg,1
ystwyth,ystwyth,Adj,Adj.common.masc.sg,2
llaes,llaes,Adj,Adj.common.masc.sg,2
lwys,glwys,Adj,Adj.common.masc.sg,3
thaer,taer,Adj,Adj.common.masc.sg,1
ara,araf,Adj,Adj.common.masc.sg,5
gadarn,cadarn,Adj,Adj.common.masc.sg,2
brych,brych,Adj,Adj.common.masc.sg,1
gell,gell,Adj,Adj.common.masc.sg,3
ymbell,ambell,Adj,Adj.common.masc.sg,1
doeth,doeth,Adj,Adj.common.masc.sg,5
wenn,gwyn,Adj,Adj.common.fem.sg,1
ysgwn,ysgwn,Adj,Adj.common.masc.sg,1
wael,gwael,Adj,Adj.common.masc.sg,1
dianaf,dianaf,Adj,Adj.common.masc.sg,1
dewr,dewr,Adj,Adj.common.masc.sg,3
raen,graen,Adj,Adj.common.masc.sg,1
ban,ban,Adj,Adj.common.masc.sg,5
moch,moch,Adj,Adj.common.masc.sg,4
choeth,coeth,Adj,Adj.common.masc.sg,1
syberw,syber,Adj,Adj.common.masc.sg,1
pob,pob,Adj,Adj.common.masc.sg,7
trwch,trwch,Adj,Adj.common.masc.sg,1
dwll,twll,Adj,Adj.common.masc.sg,3
bann,ban,Adj,Adj.common.masc.sg,1
chwit,chwit,Adj,Adj.common.masc.sg,2
trymach,trwm,Adj,Adj.cym,1
re,rhe,Adj,Adj.common.masc.sg,1
wreiddiol,gwreiddiol,Adj,Adj.common.masc.sg,1
gyfieithiedig,cyfieithiedig,Adj,Adj.common.masc.sg,1
tragwyddol,tragwyddol,Adj,Adj.common.masc.sg,5
ynysig,ynysig,Adj,Adj.common.masc.sg,1
leia,lleia,Adj,Adj.common.masc.sg,3
wladol,gwladol,Adj,Adj.common.masc.sg,1
ganlynol,canlynol,Adj,Adj.common.masc.sg,1
gweddw,gweddw,Adj,Adj.common.masc.sg,1
gwladaidd,gwlad,Adj,Adj.common.masc.sg,1
weddw,gweddw,Adj,Adj.common.masc.sg,4
drist,trist,Adj,Adj.common.masc.sg,4
boreuol,boreol,Adj,Adj.common.masc.sg,1
gysgodol,cysgod,Adj,Adj.common.masc.sg,2
glyd,clyd,Adj,Adj.common.masc.sg,1
dynn,tynn,Adj,Adj.common.masc.sg,1
dirodres,dirodres,Adj,Adj.common.masc.sg,1
dirmygus,dirmygus,Adj,Adj.common.masc.sg,1
lŷn,llŷn,Adj,Adj.common.masc.sg,1
pharadwysaidd,paradwysaidd,Adj,Adj.common.masc.sg,1
grybwylledig,crybwylledig,Adj,Adj.common.masc.sg,1
dlawd,tlawd,Adj,Adj.common.masc.sg,9
taer,taer,Adj,Adj.common.masc.sg,1
chystuddiedig,systuddio,Adj,Adj.common.masc.sg,1
addfwyn,addfwyn,Adj,Adj.common.masc.sg,5
ddiri,di-ri,Adj,Adj.common.masc.sg,1
nefol,nefol,Adj,Adj.common.masc.sg,3
ysbrydoledig,ysbrydoledig,Adj,Adj.common.masc.sg,1
lygredig,llygredig,Adj,Adj.common.masc.sg,1
cystuddiedig,systuddio,Adj,Adj.common.masc.sg,1
ddewr,dewr,Adj,Adj.common.masc.sg,5
fraith,brith,Adj,Adj.common.fem.sg,1
haelionus,haelionus,Adj,Adj.common.masc.sg,1
anghenus,anghenus,Adj,Adj.common.masc.sg,1
bynnag,bynnag,Adj,Adj.common.masc.sg,46
siwr,siwr,Adj,Adj.common.masc.sg,59
lleddf,lleddf,Adj,Adj.common.masc.sg,2
peraidd,peraidd,Adj,Adj.common.masc.sg,1
caradog,cariadog,Adj,Adj.common.masc.sg,3
garadog,cariadog,Adj,Adj.common.masc.sg,1
gwynfanus,cwynfanus,Adj,Adj.common.masc.sg,2
phrydferth,prydferth,Adj,Adj.common.masc.sg,1
danbaid,tanbaid,Adj,Adj.common.masc.sg,1
dêr,têr,Adj,Adj.common.masc.sg,1
gwresog,gwresog,Adj,Adj.common.masc.sg,1
hygoel,hygoel,Adj,Adj.common.masc.sg,1
cymreig,cymreig,Adj,Adj.common.masc.sg,10
effeithiol,effeithiol,Adj,Adj.common.masc.sg,1
gwladgarol,gwladgarol,Adj,Adj.common.masc.sg,1
grefyddol,crefyddol,Adj,Adj.common.masc.sg,1
enedigol,genedigol,Adj,Adj.common.masc.sg,1
bresennol,presennol,Adj,Adj.common.masc.sg,2
aflwyddiannus,aflwyddiannus,Adj,Adj.common.masc.sg,1
torcalonnus,calon,Adj,Adj.common.masc.sg,1
darawiadol,trawiadol,Adj,Adj.common.masc.sg,1
flin,blin,Adj,Adj.common.masc.sg,2
gŵyr,gŵyr,Adj,Adj.common.masc.sg,9
diddan,diddan,Adj,Adj.common.masc.sg,2
alluog,galluog,Adj,Adj.common.masc.sg,2
dewisol,dewisol,Adj,Adj.common.masc.sg,1
addas,addas,Adj,Adj.common.masc.sg,2
gymreig,cymreig,Adj,Adj.common.masc.sg,8
rhudd,rhudd,Adj,Adj.common.masc.sg,1
dramor,tramor,Adj,Adj.common.masc.sg,1
gwaeth,drwg,Adj,Adj.cym,5
glir,clir,Adj,Adj.common.masc.sg,11
hudol,hud,Adj,Adj.common.masc.sg,4
nghyd,cyd,Adj,Adj.common.masc.sg,1
fyddar,byddar,Adj,Adj.common.masc.sg,1
odidog,godidog,Adj,Adj.common.masc.sg,3
neilltuol,neilltuol,Adj,Adj.common.masc.sg,4
argraffedig,argraffedig,Adj,Adj.common.masc.sg,1
fyr,byr,Adj,Adj.common.masc.sg,1
eraill,arall,Adj,Adj.common.masc.sg,7
gobeithiol,gobeithiol,Adj,Adj.common.masc.sg,2
gerfiedig,cerfiedig,Adj,Adj.common.masc.sg,1
mhriod,priod,Adj,Adj.common.masc.sg,3
ngwen,gwyn,Adj,Adj.common.fem.sg,1
ddioed,di-oed,Adj,Adj.common.masc.sg,3
ddall,dall,Adj,Adj.common.masc.sg,4
foreuol,boreol,Adj,Adj.common.masc.sg,1
lwyd,llwyd,Adj,Adj.common.masc.sg,1
ne,de,Adj,Adj.common.masc.sg,3
cyfion,cyfiawn,Adj,Adj.common.masc.sg,1
trugarog,trugarog,Adj,Adj.common.masc.sg,1
gwanllyd,gwanllyd,Adj,Adj.common.masc.sg,1
cledd,cledd,Adj,Adj.common.masc.sg,5
wirion,gwirion,Adj,Adj.common.masc.sg,1
glanach,glân,Adj,Adj.cym,2
flodeuog,blodeuog,Adj,Adj.common.masc.sg,3
lâs,glas,Adj,Adj.common.masc.sg,4
grwm,crwm,Adj,Adj.common.masc.sg,1
byr,byr,Adj,Adj.common.masc.sg,4
gŵys,gŵys,Adj,Adj.common.masc.sg,1
ddistaw,distaw,Adj,Adj.common.masc.sg,22
ddwys,dwys,Adj,Adj.common.masc.sg,8
glâs,glas,Adj,Adj.common.masc.sg,1
garegog,carreg,Adj,Adj.common.masc.sg,1
gledd,cledd,Adj,Adj.common.masc.sg,1
drahaus,trahaus,Adj,Adj.common.masc.sg,1
gyndyn,cyndyn,Adj,Adj.common.masc.sg,2
dwyn,dwyn,Adj,Adj.common.masc.sg,1
ddiddiwedd,diddiwedd,Adj,Adj.common.masc.sg,2
anfarwol,anfarwol,Adj,Adj.common.masc.sg,1
geirwir,geirwir,Adj,Adj.common.masc.sg,1
werdd,gwerdd,Adj,Adj.common.fem.sg,3
ariannog,ariannog,Adj,Adj.common.masc.sg,1
wrol,gŵr,Adj,Adj.common.masc.sg,1
sy'n,syn,Adj,Adj.common.masc.sg,2
seisnig,seisnig,Adj,Adj.common.masc.sg,3
chwyddedig,chwyddedig,Adj,Adj.common.masc.sg,1
lanwaith,glanwaith,Adj,Adj.common.masc.sg,1
fawreddog,mawreddog,Adj,Adj.common.masc.sg,2
mâd,mad,Adj,Adj.common.masc.sg,1
ola,olaf,Adj,Adj.common.masc.sg,10
orfoleddus,gorfoleddus,Adj,Adj.common.masc.sg,1
llydan,llydan,Adj,Adj.common.masc.sg,5
hŷn,hŷn,Adj,Adj.common.masc.sg,8
oedrannus,oedrannus,Adj,Adj.common.masc.sg,1
dirif,rhif,Adj,Adj.common.masc.sg,2
fychan,bychan,Adj,Adj.common.masc.sg,2
goleuach,golau,Adj,Adj.cym,1
lanach,glân,Adj,Adj.cym,1
gynnes,cynnes,Adj,Adj.common.masc.sg,7
lachar,llachar,Adj,Adj.common.masc.sg,1
gwallgof,gwallgof,Adj,Adj.common.masc.sg,1
eurog,eurog,Adj,Adj.common.masc.sg,1
briodasol,priodasol,Adj,Adj.common.masc.sg,1
grynion,crwn,Adj,Adj.common.masc.sg,1
gyfan,cyfan,Adj,Adj.common.masc.sg,2
fân,mân,Adj,Adj.common.masc.sg,2
crynedig,crynedig,Adj,Adj.common.masc.sg,2
ffyddiog,ffyddiog,Adj,Adj.common.masc.sg,1
hafaidd,hafaidd,Adj,Adj.common.masc.sg,2
nghyntaf,cyntaf,Adj,Adj.common.masc.sg,1
dragwyddol,tragwyddol,Adj,Adj.common.masc.sg,1
main,main,Adj,Adj.common.masc.sg,2
beraidd,peraidd,Adj,Adj.common.masc.sg,4
ôd,od,Adj,Adj.common.masc.sg,2
filwrol,milwrol,Adj,Adj.common.masc.sg,1
holl,holl,Adj,Adj.common.masc.sg,2
ber,pêr,Adj,Adj.common.masc.sg,1
fall,mall,Adj,Adj.common.masc.sg,1
anhygyrch,anhygyrch,Adj,Adj.common.masc.sg,1
danllyd,tanllyd,Adj,Adj.common.masc.sg,2
led,lled,Adj,Adj.common.masc.sg,4
diri,di-ri,Adj,Adj.common.masc.sg,1
milwrol,milwrol,Adj,Adj.common.masc.sg,1
dolurus,dolurus,Adj,Adj.common.masc.sg,1
clwyfus,clwyfus,Adj,Adj.common.masc.sg,1
dawdd,tawdd,Adj,Adj.common.masc.sg,1
ddilys,dilys,Adj,Adj.common.masc.sg,1
terfysglyd,terfysglyd,Adj,Adj.common.masc.sg,1
golud,golud,Adj,Adj.common.masc.sg,1
bydol,bydol,Adj,Adj.common.masc.sg,1
fygythiol,bygwth,Adj,Adj.common.masc.sg,1
huchel,uchel,Adj,Adj.common.masc.sg,1
fad,mad,Adj,Adj.common.masc.sg,5
lluddedig,lluddedig,Adj,Adj.common.masc.sg,1
gysegredig,cysegredig,Adj,Adj.common.masc.sg,2
phrudd,prudd,Adj,Adj.common.masc.sg,1
dirgel,dirgel,Adj,Adj.common.masc.sg,1
cysurlon,cysurlon,Adj,Adj.common.masc.sg,1
dwyreiniol,dwyreiniol,Adj,Adj.common.masc.sg,2
goruchel,goruchel,Adj,Adj.common.masc.sg,1
cynefin,cynefin,Adj,Adj.common.masc.sg,1
nwyn,dwyn,Adj,Adj.common.masc.sg,1
tymhestlog,tymhestlog,Adj,Adj.common.masc.sg,1
blygedig,plygedig,Adj,Adj.common.masc.sg,1
grog,crog,Adj,Adj.common.masc.sg,1
îs,is,Adj,Adj.common.masc.sg,1
crwn,crwn,Adj,Adj.common.masc.sg,5
fendigedig,bendigedig,Adj,Adj.common.masc.sg,1
delynegol,telynegol,Adj,Adj.common.masc.sg,1
goeth,coeth,Adj,Adj.common.masc.sg,1
traddodiadol,traddodiadol,Adj,Adj.common.masc.sg,1
fugeiliol,bugail,Adj,Adj.common.masc.sg,1
ffrwythlon,ffrwythlon,Adj,Adj.common.masc.sg,1
ir,ir,Adj,Adj.common.masc.sg,1
ucha,uchel,Adj,Adj.seith,5
gosod,gosod,Adj,Adj.common.masc.sg,4
laith,llaith,Adj,Adj.common.masc.sg,1
anghelfydd,anghelfydd,Adj,Adj.common.masc.sg,1
isa,isel,Adj,Adj.common.masc.sg,3
ferth,berth,Adj,Adj.common.masc.sg,1
ddilynol,dilynol,Adj,Adj.common.masc.sg,1
wyrdd,gwyrdd,Adj,Adj.common.masc.sg,2
hagr,hagr,Adj,Adj.common.masc.sg,3
ddidwyll,didwyll,Adj,Adj.common.masc.sg,1
fyrbwyll,byrbwyll,Adj,Adj.common.masc.sg,1
cryfa,cryf,Adj,Adj.seith,2
llofruddiog,llofruddiog,Adj,Adj.common.masc.sg,1
diffuant,diffuant,Adj,Adj.common.masc.sg,1
wyw,gwyw,Adj,Adj.common.masc.sg,1
chwaneg,chwaneg,Adj,Adj.common.masc.sg,13
swrth,swrth,Adj,Adj.common.masc.sg,2
cyd,cyd,Adj,Adj.common.masc.sg,1
ddel,del,Adj,Adj.common.masc.sg,1
bendant,pendant,Adj,Adj.common.masc.sg,2
ëon,eofn,Adj,Adj.common.masc.sg,1
riniog,rhiniog,Adj,Adj.common.masc.sg,1
ngwyn,gwyn,Adj,Adj.common.masc.sg,1
ieuengaf,ieuengaf,Adj,Adj.common.masc.sg,2
gwirion,gwirion,Adj,Adj.common.masc.sg,5
ddeiliog,deiliog,Adj,Adj.common.masc.sg,1
gore,da,Adj,Adj.seith,10
dene,tenau,Adj,Adj.common.masc.sg,145
sâl,sâl,Adj,Adj.common.masc.sg,11
siort,siort,Adj,Adj.common.masc.sg,4
myw,byw,Adj,Adj.common.masc.sg,7
syth,syth,Adj,Adj.common.masc.sg,15
ngore,da,Adj,Adj.seith,3
erill,arall,Adj,Adj.common.masc.sg,23
gwaetha,drwg,Adj,Adj.seith,7
ddethe,dethau,Adj,Adj.common.masc.sg,2
cwbwl,cwbwl,Adj,Adj.common.masc.sg,19
naturiol,naturiol,Adj,Adj.common.masc.sg,9
gynted,cynt,Adj,Adj.cyf,7
anodd,anodd,Adj,Adj.common.masc.sg,14
broc,broc,Adj,Adj.common.masc.sg,1
ore,da,Adj,Adj.seith,11
diferol,diferol,Adj,Adj.common.masc.sg,1
ddiarth,dieithr,Adj,Adj.common.masc.sg,2
ddifri,difrif,Adj,Adj.common.masc.sg,2
gyflymach,cyflym,Adj,Adj.cym,1
ieuenga,ieuengaf,Adj,Adj.common.masc.sg,1
penddu,penddu,Adj,Adj.common.masc.sg,1
gwyrdd,gwyrdd,Adj,Adj.common.masc.sg,1
amgenach,amgenach,Adj,Adj.common.masc.sg,3
fodlon,bodlon,Adj,Adj.common.masc.sg,5
pella,pell,Adj,Adj.seith,2
fwya,mawr,Adj,Adj.seith,2
mwya,mawr,Adj,Adj.seith,3
tebycach,tebyg,Adj,Adj.cym,2
salach,sâl,Adj,Adj.cym,2
hurt,hurt,Adj,Adj.common.masc.sg,4
enwedig,enwedig,Adj,Adj.common.masc.sg,17
law,llaw,Adj,Adj.common.masc.sg,5
annwyl,annwyl,Adj,Adj.common.masc.sg,2
gryfach,cryf,Adj,Adj.cym,1
amhosibl,amhosibl,Adj,Adj.common.masc.sg,4
nesa,agos,Adj,Adj.seith,11
reit,reit,Adj,Adj.common.masc.sg,5
neis,neis,Adj,Adj.common.masc.sg,7
pwysica,pwysicaf,Adj,Adj.common.masc.sg,1
glên,clên,Adj,Adj.common.masc.sg,3
iau,ifanc,Adj,Adj.cym,1
cyfleus,cyfleus,Adj,Adj.common.masc.sg,1
wastad,gwastad,Adj,Adj.common.masc.sg,2
gloff,cloff,Adj,Adj.common.masc.sg,3
chynted,cynt,Adj,Adj.cyf,2
hamddenol,hamddenol,Adj,Adj.common.masc.sg,1
direswm,direswm,Adj,Adj.common.masc.sg,1
delach,del,Adj,Adj.cym,1
gynnar,cynnar,Adj,Adj.common.masc.sg,7
brafiach,braf,Adj,Adj.cym,2
gliriach,clir,Adj,Adj.cym,1
ddiferol,diferol,Adj,Adj.common.masc.sg,2
belled,pell,Adj,Adj.cyf,9
meddal,meddal,Adj,Adj.common.masc.sg,2
agosa,agos,Adj,Adj.seith,2
swil,swil,Adj,Adj.common.masc.sg,3
deidi,teidi,Adj,Adj.common.masc.sg,2
ôl,ôl,Adj,Adj.common.masc.sg,2
bella,pell,Adj,Adj.seith,1
digalon,digalon,Adj,Adj.common.masc.sg,6
agored,agor,Adj,Adj.common.masc.sg,2
ddiogel,diogel,Adj,Adj.common.masc.sg,3
difri,difrif,Adj,Adj.common.masc.sg,1
dê,de,Adj,Adj.common.masc.sg,2
ngwaetha,drwg,Adj,Adj.seith,1
felyn,melyn,Adj,Adj.common.masc.sg,2
gyfforddus,cyfforddus,Adj,Adj.common.masc.sg,2
hagor,agor,Adj,Adj.common.masc.sg,1
drymllyd,trymllyd,Adj,Adj.common.masc.sg,2
falch,balch,Adj,Adj.common.masc.sg,4
ifanc,ifanc,Adj,Adj.common.masc.sg,8
diflas,diflas,Adj,Adj.common.masc.sg,2
anniddorol,anniddorol,Adj,Adj.common.masc.sg,1
ddwyflwydd,dwyflwydd,Adj,Adj.common.masc.sg,1
clên,clên,Adj,Adj.common.masc.sg,2
oleuach,golau,Adj,Adj.cym,1
ddoniol,doniol,Adj,Adj.common.masc.sg,1
gwbwl,cwbwl,Adj,Adj.common.masc.sg,11
diarth,dieithr,Adj,Adj.common.masc.sg,11
cyfa,cyfan,Adj,Adj.common.masc.sg,1
cyfforddus,cyfforddus,Adj,Adj.common.masc.sg,3
annhebyg,annhebyg,Adj,Adj.common.masc.sg,2
sâff,saff,Adj,Adj.common.masc.sg,4
sal,sâl,Adj,Adj.common.masc.sg,7
ddiymdroi,diymdroi,Adj,Adj.common.masc.sg,1
anobeithiol,gobeithio,Adj,Adj.common.masc.sg,1
llethol,llethol,Adj,Adj.common.masc.sg,3
blac,blac,Adj,Adj.common.masc.sg,1
cystal,da,Adj,Adj.cyf,11
ddiymhongar,diymhongar,Adj,Adj.common.masc.sg,20
amyneddgar,amyneddgar,Adj,Adj.common.masc.sg,1
amal,aml,Adj,Adj.common.masc.sg,4
chwilfriw,chwilfriw,Adj,Adj.common.masc.sg,2
ddwl,dwl,Adj,Adj.common.masc.sg,3
nês,agos,Adj,Adj.cym,1
gall,call,Adj,Adj.common.masc.sg,1
flaen,blaen,Adj,Adj.common.masc.sg,2
sydêt,sidêt,Adj,Adj.common.masc.sg,2
trefnus,trefn,Adj,Adj.common.masc.sg,1
dwbwl,dwbl,Adj,Adj.common.masc.sg,1
ddynol,dynol,Adj,Adj.common.masc.sg,2
pasgedig,pasgedig,Adj,Adj.common.masc.sg,1
weddol,gweddol,Adj,Adj.common.masc.sg,5
galonnog,calonnog,Adj,Adj.common.masc.sg,3
gwlyb,gwlyb,Adj,Adj.common.masc.sg,4
twt,twt,Adj,Adj.common.masc.sg,1
ffwndrus,ffwndrus,Adj,Adj.common.masc.sg,1
ddiymadferth,diymadferth,Adj,Adj.common.masc.sg,1
lleiaf,bach,Adj,Adj.seith,2
byrra,byrraf,Adj,Adj.common.masc.sg,1
parhaus,parhaus,Adj,Adj.common.masc.sg,3
wallgo,gwallgof,Adj,Adj.common.masc.sg,1
priod,priod,Adj,Adj.common.masc.sg,4
wlyb,gwlyb,Adj,Adj.common.masc.sg,2
ofalus,gofalus,Adj,Adj.common.masc.sg,4
toddedig,toddedig,Adj,Adj.common.masc.sg,1
grebachlyd,crebachlyd,Adj,Adj.common.masc.sg,1
caredig,caredig,Adj,Adj.common.masc.sg,1
amlaf,amlaf,Adj,Adj.common.masc.sg,1
flasus,blasus,Adj,Adj.common.masc.sg,1
rhesymol,rhesymol,Adj,Adj.common.masc.sg,2
boeth,poeth,Adj,Adj.common.masc.sg,4
graen,graen,Adj,Adj.common.masc.sg,1
bosib,posib,Adj,Adj.common.masc.sg,1
bôrd,bôrd,Adj,Adj.common.masc.sg,5
dudew,dudew,Adj,Adj.common.masc.sg,2
fyddarol,byddarol,Adj,Adj.common.masc.sg,2
annaearol,annaearol,Adj,Adj.common.masc.sg,3
posib,posib,Adj,Adj.common.masc.sg,1
ddigalon,digalon,Adj,Adj.common.masc.sg,3
manteisiol,manteisiol,Adj,Adj.common.masc.sg,2
addfed,aeddfed,Adj,Adj.common.masc.sg,1
buddiol,buddiol,Adj,Adj.common.masc.sg,2
gam,cam,Adj,Adj.common.masc.sg,2
ddiddorol,diddorol,Adj,Adj.common.masc.sg,1
cwrs,cwrs,Adj,Adj.common.masc.sg,2
bwyllog,pwyllog,Adj,Adj.common.masc.sg,4
siŵr,siŵr,Adj,Adj.common.masc.sg,5
derfynol,terfynol,Adj,Adj.common.masc.sg,1
annifyr,annifyr,Adj,Adj.common.masc.sg,1
le,lle,Adj,Adj.common.masc.sg,3
gochion,coch,Adj,Adj.common.masc.sg,3
cysurus,cysurus,Adj,Adj.common.masc.sg,1
cry,cryf,Adj,Adj.common.masc.sg,1
heulog,heulog,Adj,Adj.common.masc.sg,1
gri,cri,Adj,Adj.common.masc.sg,1
bâs,bas,Adj,Adj.common.masc.sg,1
dyfn,dwfn,Adj,Adj.common.masc.sg,1
barhaus,parhaus,Adj,Adj.common.masc.sg,2
rhyfeddol,rhyfeddol,Adj,Adj.common.masc.sg,4
amlyca,amlwg,Adj,Adj.seith,1
crasboeth,crasboeth,Adj,Adj.common.masc.sg,3
agored,agored,Adj,Adj.common.masc.sg,4
budr,budr,Adj,Adj.common.masc.sg,5
dywededig,dywededig,Adj,Adj.common.masc.sg,1
aneglur,aneglur,Adj,Adj.common.masc.sg,2
serchus,serchus,Adj,Adj.common.masc.sg,1
swyddogol,swyddogol,Adj,Adj.common.masc.sg,1
rhiniog,rhiniog,Adj,Adj.common.masc.sg,1
cryfion,cryf,Adj,Adj.common.masc.pl,1
selog,selog,Adj,Adj.common.masc.sg,3
fwyfwy,mawr,Adj,Adj.cym,1
rhyfygus,rhyfygus,Adj,Adj.common.masc.sg,1
ienga,ifanc,Adj,Adj.seith,1
llachar,llachar,Adj,Adj.common.masc.sg,1
bregus,bregus,Adj,Adj.common.masc.sg,1
fwy,mawr,Adj,Adj.cym,6
ddisglair,disglair,Adj,Adj.common.masc.sg,1
myglyd,myglyd,Adj,Adj.common.masc.sg,1
pelled,pell,Adj,Adj.cyf,1
ddiwyd,diwyd,Adj,Adj.common.masc.sg,1
dieithr,dieithr,Adj,Adj.common.masc.sg,5
cyhyd,cyhyd,Adj,Adj.common.masc.sg,3
callach,call,Adj,Adj.cym,1
dila,tila,Adj,Adj.common.masc.sg,2
cynddeiriog,cynddeiriog,Adj,Adj.common.masc.sg,2
arswydus,arswydus,Adj,Adj.common.masc.sg,2
waethed,drwg,Adj,Adj.cyf,1
astud,astud,Adj,Adj.common.masc.sg,1
fychain,bychan,Adj,Adj.common.masc.sg,1
gynnil,cynnil,Adj,Adj.common.masc.sg,2
ddieithr,dieithr,Adj,Adj.common.masc.sg,2
fudron,budron,Adj,Adj.common.masc.sg,1
cymysg,cymysg,Adj,Adj.common.masc.sg,2
felyngoch,melyngoch,Adj,Adj.common.masc.sg,1
chynt,cynt,Adj,Adj.common.masc.sg,2
amaethyddol,amaethyddol,Adj,Adj.common.masc.sg,1
lydan,llydan,Adj,Adj.common.masc.sg,2
ddirmygus,dirmygus,Adj,Adj.common.masc.sg,1
digrif,digrif,Adj,Adj.common.masc.sg,3
cloff,cloff,Adj,Adj.common.masc.sg,1
gwargam,gwargam,Adj,Adj.common.masc.sg,1
penfelyn,penfelyn,Adj,Adj.common.masc.sg,1
teirblwydd,teirblwydd,Adj,Adj.common.masc.sg,1
llychlyd,llychlyd,Adj,Adj.common.masc.sg,1
gynharach,cynnar,Adj,Adj.cym,1
mawreddog,mawreddog,Adj,Adj.common.masc.sg,3
egniol,egnïol,Adj,Adj.common.masc.sg,2
haws,hawdd,Adj,Adj.cym,1
abl,abl,Adj,Adj.common.masc.sg,2
arafach,araf,Adj,Adj.cym,1
lwfr,llwfr,Adj,Adj.common.masc.sg,1
brydlon,prydlon,Adj,Adj.common.masc.sg,1
arbennig,arbennig,Adj,Adj.common.masc.sg,3
deallus,deallus,Adj,Adj.common.masc.sg,1
creulon,creulon,Adj,Adj.common.masc.sg,2
fwriadol,bwriadol,Adj,Adj.common.masc.sg,1
anfoddog,anfoddog,Adj,Adj.common.masc.sg,1
sidanaidd,sidanaidd,Adj,Adj.common.masc.sg,1
bonheddig,bonheddig,Adj,Adj.common.masc.sg,3
call,call,Adj,Adj.common.masc.sg,1
glanwaith,glanwaith,Adj,Adj.common.masc.sg,1
chyfleus,cyfleus,Adj,Adj.common.masc.sg,1
distawach,distaw,Adj,Adj.cym,1
siaradus,siarad,Adj,Adj.common.masc.sg,1
chythryblus,cythryblus,Adj,Adj.common.masc.sg,2
chwareus,chwareus,Adj,Adj.common.masc.sg,1
diau,diau,Adj,Adj.common.masc.sg,1
rheolaidd,rheolaidd,Adj,Adj.common.masc.sg,1
oleuedig,goleuedig,Adj,Adj.common.masc.sg,1
gryg,cryg,Adj,Adj.common.masc.sg,1
pennaf,pennaf,Adj,Adj.common.masc.sg,3
wybyddus,gwybyddus,Adj,Adj.common.masc.sg,1
forwrol,môr,Adj,Adj.common.masc.sg,1
anghyffredin,anghyffredin,Adj,Adj.common.masc.sg,5
trigain,trigain,Adj,Adj.common.masc.sg,1
gysurus,cysurus,Adj,Adj.common.masc.sg,1
cadarn,cadarn,Adj,Adj.common.masc.sg,1
thrigain,trigain,Adj,Adj.common.masc.sg,1
symol,symol,Adj,Adj.common.masc.sg,1
gwastad,gwastad,Adj,Adj.common.masc.sg,1
cras,cras,Adj,Adj.common.masc.sg,2
addawol,addawol,Adj,Adj.common.masc.sg,2
unfryd,unfryd,Adj,Adj.common.masc.sg,1
gofalus,gofalus,Adj,Adj.common.masc.sg,1
dalentog,talentog,Adj,Adj.common.masc.sg,1
haerllug,haerllug,Adj,Adj.common.masc.sg,1
gwta,cwta,Adj,Adj.common.masc.sg,1
ddilewyrch,dilewyrch,Adj,Adj.common.masc.sg,1
lwyddiannus,llwyddiannus,Adj,Adj.common.masc.sg,1
aruthr,aruthr,Adj,Adj.common.masc.sg,2
diystyr,diystyr,Adj,Adj.common.masc.sg,1
ddeallus,deallus,Adj,Adj.common.masc.sg,1
gwreiddiol,gwreiddiol,Adj,Adj.common.masc.sg,1
cwrtais,cwrtais,Adj,Adj.common.masc.sg,1
eglwysig,eglwysig,Adj,Adj.common.masc.sg,1
difrif,difrif,Adj,Adj.common.masc.sg,2
ddifrif,difrif,Adj,Adj.common.masc.sg,3
genedlaethol,cenedlaethol,Adj,Adj.common.masc.sg,1
wannach,gwan,Adj,Adj.cym,2
mentrus,mentrus,Adj,Adj.common.masc.sg,1
gorchestol,gorchestol,Adj,Adj.common.masc.sg,1
amryw,amryw,Adj,Adj.common.masc.sg,1
cul,cul,Adj,Adj.common.masc.sg,1
chwim,chwim,Adj,Adj.common.masc.sg,1
beryglus,peryglus,Adj,Adj.common.masc.sg,1
melyngoch,melyngoch,Adj,Adj.common.masc.sg,1
chyrliog,cyrl,Adj,Adj.common.masc.sg,1
chwithig,chwithig,Adj,Adj.common.masc.sg,1
farddol,barddol,Adj,Adj.common.masc.sg,2
gyfa,cyfan,Adj,Adj.common.masc.sg,1
farddonol,barddonol,Adj,Adj.common.masc.sg,1
cadeiriol,cadair,Adj,Adj.common.masc.sg,1
chryn,cryn,Adj,Adj.common.masc.sg,1
barddonol,barddonol,Adj,Adj.common.masc.sg,1
ddiobaith,gobaith,Adj,Adj.common.masc.sg,1
arafaidd,arafaidd,Adj,Adj.common.masc.sg,1
beiddgar,beiddgar,Adj,Adj.common.masc.sg,1
ffair,ffair,Adj,Adj.common.masc.sg,1
anghymwys,anghymwys,Adj,Adj.common.masc.sg,1
lled,lled,Adj,Adj.common.masc.sg,2
tawelach,tawel,Adj,Adj.cym,1
barchus,parch,Adj,Adj.common.masc.sg,1
diweddaraf,diweddaraf,Adj,Adj.common.masc.sg,1
thrwsiadus,trwsiadus,Adj,Adj.common.masc.sg,1
edifar,edifar,Adj,Adj.common.masc.sg,1
amlach,aml,Adj,Adj.cym,1
fras,bras,Adj,Adj.common.masc.sg,1
ostyngedig,gostyngedig,Adj,Adj.common.masc.sg,1
grand,crand,Adj,Adj.common.masc.sg,1
garpiog,carp,Adj,Adj.common.masc.sg,1
llithrig,llithro,Adj,Adj.common.masc.sg,1
dear,dyar,Adj,Adj.common.masc.sg,1
waethaf,drwg,Adj,Adj.seith,1
gyferbyn,cyferbyn,Adj,Adj.common.masc.sg,1
diolwg,diolwg,Adj,Adj.common.masc.sg,1
tonnog,tonnog,Adj,Adj.common.masc.sg,1
clir,clir,Adj,Adj.common.masc.sg,1
tlodaidd,tlawd,Adj,Adj.common.masc.sg,1
fudr,budr,Adj,Adj.common.masc.sg,1
peryglus,peryglus,Adj,Adj.common.masc.sg,1
poenus,poen,Adj,Adj.common.masc.sg,1
mhellach,pell,Adj,Adj.cym,1
ddigrif,digrif,Adj,Adj.common.masc.sg,1
gweddol,gweddol,Adj,Adj.common.masc.sg,1
gefnog,cefn,Adj,Adj.common.masc.sg,2
angenrheidiol,angenrheidiol,Adj,Adj.common.masc.sg,2
gyfrifol,cyfrifol,Adj,Adj.common.masc.sg,1
drefnus,trefn,Adj,Adj.common.masc.sg,1
bleserus,pleserus,Adj,Adj.common.masc.sg,1
gyfiawn,cyfiawn,Adj,Adj.common.masc.sg,1
blaenllaw,blaenllaw,Adj,Adj.common.masc.sg,1
gwybodus,gwybodus,Adj,Adj.common.masc.sg,1
ofynnol,gofynnol,Adj,Adj.common.masc.sg,1
rhatach,rhad,Adj,Adj.cym,1
gyfoethog,cyfoethog,Adj,Adj.common.masc.sg,2
synhwyrol,synhwyrol,Adj,Adj.common.masc.sg,1
cas,cas,Adj,Adj.common.masc.sg,1
fedrus,medrus,Adj,Adj.common.masc.sg,1
blasus,blasus,Adj,Adj.common.masc.sg,1
drychinebus,trychinebus,Adj,Adj.common.masc.sg,1
de,de,Adj,Adj.common.masc.sg,2
stiff,stiff,Adj,Adj.common.masc.sg,1
gymysg,cymysg,Adj,Adj.common.masc.sg,1
eiddgar,eiddgar,Adj,Adj.common.masc.sg,1
llenyddol,llenyddol,Adj,Adj.common.masc.sg,3
lleol,lleol,Adj,Adj.common.masc.sg,1
clodwiw,clodwiw,Adj,Adj.common.masc.sg,1
feri,feri,Adj,Adj.common.masc.sg,1
erwin,gerwin,Adj,Adj.common.masc.sg,1
ddiog,diog,Adj,Adj.common.masc.sg,1
ysgrifenedig,ysgrifenedig,Adj,Adj.common.masc.sg,1
diog,diog,Adj,Adj.common.masc.sg,1
lenyddol,llenyddol,Adj,Adj.common.masc.sg,1
pybyr,pybyr,Adj,Adj.common.masc.sg,1
rhonc,rhonc,Adj,Adj.common.masc.sg,1
bethma,bethma,Adj,Adj.common.masc.sg,16
gegog,ceg,Adj,Adj.common.masc.sg,1
budron,budron,Adj,Adj.common.masc.sg,1
gyffredinol,cyffredinol,Adj,Adj.common.masc.sg,1
geidwadol,ceidwadol,Adj,Adj.common.masc.sg,1
gwirioneddol,gwirioneddol,Adj,Adj.common.masc.sg,1
his,is,Adj,Adj.common.masc.sg,1
hudolus,hud,Adj,Adj.common.masc.sg,1
cywrain,cywrain,Adj,Adj.common.masc.sg,1
gynefin,cynefin,Adj,Adj.common.masc.sg,1
gwahanol,gwahanol,Adj,Adj.common.masc.sg,1
têg,teg,Adj,Adj.common.masc.sg,1
hyddysg,hyddysg,Adj,Adj.common.masc.sg,1
deheuig,deheuig,Adj,Adj.common.masc.sg,1
llawnach,llawn,Adj,Adj.cym,1
chwaethus,chwaethus,Adj,Adj.common.masc.sg,1
gafaelgar,gafaelgar,Adj,Adj.common.masc.sg,1
hwyaf,hwyaf,Adj,Adj.common.masc.sg,1
berth,berth,Adj,Adj.common.masc.sg,1
ab,abl,Adj,Adj.common.masc.sg,1
cyhoeddedig,cyhoeddedig,Adj,Adj.common.masc.sg,1
unol,unol,Adj,Adj.common.masc.sg,1
cydweithredol,cydweithredol,Adj,Adj.common.masc.sg,1
buddug,buddig,Adj,Adj.common.masc.sg,1
original,original,Adj,Adj.common.masc.sg,1
